{
  "rl_results": {
    "num_episodes": 100,
    "mean_reward": -5575.537005213336,
    "std_reward": 97.96619944759495,
    "mean_power_consumption": 199.52623149688796,
    "mean_power_dbm": 23.0,
    "mean_rsrp_dbm": -144.75537005213337,
    "min_rsrp_dbm": -147.3608607425497,
    "max_rsrp_dbm": -142.220813858495,
    "rsrp_violation_rate": 1.0,
    "all_episode_rewards": [
      -5503.614781656276,
      -5573.593726942315,
      -5522.1414948881375,
      -5551.047097947483,
      -5611.2332979201365,
      -5769.421475243604,
      -5528.453160845791,
      -5411.167359469517,
      -5558.7831066086155,
      -5467.8540778448505,
      -5649.31498659813,
      -5659.365460426298,
      -5462.837144180856,
      -5682.719847987442,
      -5472.205999115394,
      -5686.486468719275,
      -5637.05640682945,
      -5504.75469394832,
      -5607.347405890525,
      -5667.82573622244,
      -5627.361793743577,
      -5556.463206309687,
      -5517.541082518503,
      -5398.088699584054,
      -5694.531597351223,
      -5615.143601694979,
      -5522.305917806796,
      -5589.202699730742,
      -5583.811079327774,
      -5521.242613586552,
      -5455.858209486453,
      -5548.143603236895,
      -5573.036469257082,
      -5601.175321906453,
      -5400.033153451906,
      -5496.305193278169,
      -5695.605418969012,
      -5566.430366526478,
      -5373.835777957728,
      -5682.6442263309045,
      -5624.767281748572,
      -5633.478875264796,
      -5504.254324481291,
      -5607.080389448788,
      -5640.379882578705,
      -5605.231842363034,
      -5511.239954896049,
      -5836.08607425497,
      -5322.0813858495,
      -5534.574134650882,
      -5742.446251454572,
      -5569.841394094664,
      -5555.623153283679,
      -5552.1105399548105,
      -5662.477890162208,
      -5464.509002129168,
      -5552.3911755205945,
      -5490.626556565513,
      -5530.786405172577,
      -5586.26363364979,
      -5701.418561529459,
      -5572.12349737464,
      -5395.641930445797,
      -5559.466345149935,
      -5750.490560127307,
      -5600.09163715072,
      -5582.577222917416,
      -5466.355379533883,
      -5609.673342013042,
      -5593.667191994217,
      -5530.934903042274,
      -5662.086765764499,
      -5710.445782578788,
      -5344.730570733202,
      -5657.992941439528,
      -5726.713410671556,
      -5510.98095360471,
      -5548.536383398482,
      -5486.81874840025,
      -5646.620507708107,
      -5694.85677792866,
      -5526.963683444435,
      -5504.513256593267,
      -5630.383484585471,
      -5728.670895281036,
      -5609.881998953531,
      -5371.553549884433,
      -5675.267954397592,
      -5611.844734538377,
      -5592.085999432592,
      -5657.180633849103,
      -5548.968285534835,
      -5463.150394729132,
      -5516.305332391491,
      -5522.22568792146,
      -5624.111674822433,
      -5667.493137274482,
      -5480.88933572648,
      -5697.964624703124,
      -5699.788534899684
    ],
    "all_power_consumptions": [
      199.52623149688787,
      199.52623149688787,
      199.52623149688787,
      199.52623149688787,
      199.52623149688787,
      199.52623149688787,
      199.52623149688787,
      199.52623149688787,
      199.52623149688787,
      199.52623149688787,
      199.52623149688787,
      199.52623149688787,
      199.52623149688787,
      199.52623149688787,
      199.52623149688787,
      199.52623149688787,
      199.52623149688787,
      199.52623149688787,
      199.52623149688787,
      199.52623149688787,
      199.52623149688787,
      199.52623149688787,
      199.52623149688787,
      199.52623149688787,
      199.52623149688787,
      199.52623149688787,
      199.52623149688787,
      199.52623149688787,
      199.52623149688787,
      199.52623149688787,
      199.52623149688787,
      199.52623149688787,
      199.52623149688787,
      199.52623149688787,
      199.52623149688787,
      199.52623149688787,
      199.52623149688787,
      199.52623149688787,
      199.52623149688787,
      199.52623149688787,
      199.52623149688787,
      199.52623149688787,
      199.52623149688787,
      199.52623149688787,
      199.52623149688787,
      199.52623149688787,
      199.52623149688787,
      199.52623149688787,
      199.52623149688787,
      199.52623149688787,
      199.52623149688787,
      199.52623149688787,
      199.52623149688787,
      199.52623149688787,
      199.52623149688787,
      199.52623149688787,
      199.52623149688787,
      199.52623149688787,
      199.52623149688787,
      199.52623149688787,
      199.52623149688787,
      199.52623149688787,
      199.52623149688787,
      199.52623149688787,
      199.52623149688787,
      199.52623149688787,
      199.52623149688787,
      199.52623149688787,
      199.52623149688787,
      199.52623149688787,
      199.52623149688787,
      199.52623149688787,
      199.52623149688787,
      199.52623149688787,
      199.52623149688787,
      199.52623149688787,
      199.52623149688787,
      199.52623149688787,
      199.52623149688787,
      199.52623149688787,
      199.52623149688787,
      199.52623149688787,
      199.52623149688787,
      199.52623149688787,
      199.52623149688787,
      199.52623149688787,
      199.52623149688787,
      199.52623149688787,
      199.52623149688787,
      199.52623149688787,
      199.52623149688787,
      199.52623149688787,
      199.52623149688787,
      199.52623149688787,
      199.52623149688787,
      199.52623149688787,
      199.52623149688787,
      199.52623149688787,
      199.52623149688787,
      199.52623149688787
    ]
  },
  "baseline_results": {
    "num_episodes": 100,
    "mean_reward": -5553.541960971435,
    "std_reward": 99.90352519371487,
    "mean_power_consumption": 199.52623149688796,
    "mean_power_dbm": 23.0,
    "mean_rsrp_dbm": -144.53541960971435,
    "rsrp_violation_rate": 1.0,