{
  "loss": [
    0.012540669180452824,
    0.008357181213796139,
    0.007546114269644022,
    0.0071675824001431465,
    0.006957871839404106,
    0.006841378286480904,
    0.006607644725590944,
    0.006507097277790308,
    0.006347369868308306,
    0.006317548919469118,
    0.006205530371516943,
    0.006181800272315741,
    0.006121011916548014,
    0.006037484854459763,
    0.005958094727247953,
    0.005887098144739866,
    0.005769976880401373,
    0.005711167119443417,
    0.0055967881344258785,
    0.005522016901522875,
    0.005453059915453196,
    0.005360329058021307,
    0.005293738096952438,
    0.005256896838545799,
    0.00520507525652647,
    0.005102754104882479,
    0.005081717390567064,
    0.005042897071689367,
    0.0050829011015594006,
    0.004958279896527529,
    0.004880145192146301,
    0.004911588970571756,
    0.00489553390070796,
    0.00487191928550601,
    0.004845647606998682,
    0.004808648489415646,
    0.00480426661670208,
    0.0047639161348342896,
    0.004775051958858967,
    0.004777314607053995,
    0.004779584240168333,
    0.004774497821927071,
    0.004761816002428532,
    0.00472379382699728,
    0.004699346609413624,
    0.004717889707535505,
    0.004699714481830597,
    0.004718099720776081,
    0.004716692958027124,
    0.004669493995606899
  ],
  "mae": [
    0.0857393741607666,
    0.0702681764960289,
    0.06493308395147324,
    0.06276232749223709,
    0.06154092028737068,
    0.06074129790067673,
    0.05951908230781555,
    0.05894722789525986,
    0.05792175978422165,
    0.05772734433412552,
    0.05694522708654404,
    0.05699532851576805,
    0.05624024569988251,
    0.055847156792879105,
    0.05550938472151756,
    0.05494660139083862,
    0.05428307130932808,
    0.05386245250701904,
    0.05315319448709488,
    0.052518829703330994,
    0.05179598554968834,
    0.05134348198771477,
    0.05101897940039635,
    0.05055782571434975,
    0.05002624914050102,
    0.04938125237822533,
    0.04921135678887367,
    0.048890914767980576,
    0.04888862371444702,
    0.048116326332092285,
    0.0475480780005455,
    0.0477006621658802,
    0.04744810238480568,
    0.047384362667798996,
    0.04716063663363457,
    0.046842288225889206,
    0.04679606482386589,
    0.046575792133808136,
    0.04655095189809799,
    0.046566374599933624,
    0.046526163816452026,
    0.04653344303369522,
    0.04635898768901825,
    0.046168599277734756,
    0.04600851610302925,
    0.04610561579465866,
    0.04599901661276817,
    0.04605558142066002,
    0.04611195996403694,
    0.045764751732349396
  ],
  "mse": [
    0.012540669180452824,
    0.008357181213796139,
    0.007546114269644022,
    0.0071675824001431465,
    0.006957871839404106,
    0.006841378286480904,
    0.006607644725590944,
    0.006507097277790308,
    0.006347369868308306,
    0.006317548919469118,
    0.006205530371516943,
    0.006181800272315741,
    0.006121011916548014,
    0.006037484854459763,
    0.005958094727247953,
    0.005887098144739866,
    0.005769976880401373,
    0.005711167119443417,
    0.0055967881344258785,
    0.005522016901522875,
    0.005453059915453196,
    0.005360329058021307,
    0.005293738096952438,
    0.005256896838545799,
    0.00520507525652647,
    0.005102754104882479,
    0.005081717390567064,
    0.005042897071689367,
    0.0050829011015594006,
    0.004958279896527529,
    0.004880145192146301,
    0.004911588970571756,
    0.00489553390070796,
    0.00487191928550601,
    0.004845647606998682,
    0.004808648489415646,
    0.00480426661670208,
    0.0047639161348342896,
    0.004775051958858967,
    0.004777314607053995,
    0.004779584240168333,
    0.004774497821927071,
    0.004761816002428532,
    0.00472379382699728,
    0.004699346609413624,
    0.004717889707535505,
    0.004699714481830597,
    0.004718099720776081,
    0.004716692958027124,
    0.004669493995606899
  ],
  "val_loss": [
    0.008228353224694729,
    0.007297900505363941,
    0.006813600659370422,
    0.0067331320606172085,
    0.006510618142783642,
    0.006401524879038334,
    0.006262022070586681,
    0.006195145193487406,
    0.006322179455310106,
    0.005962023511528969,
    0.006308459676802158,
    0.006057392340153456,
    0.005912457592785358,
    0.005749445874243975,
    0.0063787843100726604,
    0.005598541349172592,
    0.0058236150071024895,
    0.005473219323903322,
    0.005262212827801704,
    0.00514198187738657,
    0.005031655076891184,
    0.005064952187240124,
    0.005086585879325867,
    0.004868013318628073,
    0.004924111999571323,
    0.005072919651865959,
    0.004780020099133253,
    0.004858114290982485,
    0.0048400964587926865,
    0.004758248571306467,
    0.004793671891093254,
    0.004736616741865873,
    0.004704014398157597,
    0.004713528789579868,
    0.00475690420717001,
    0.004684802144765854,
    0.004695175681263208,
    0.004646988119930029,
    0.004651180934160948,
    0.004656792152673006,
    0.004680432844907045,
    0.004647864494472742,
    0.0046773673966526985,
    0.004620139952749014,
    0.004607741255313158,
    0.00462679285556078,
    0.0046173520386219025,
    0.004637829028069973,
    0.004614727571606636,
    0.004607193171977997
  ],
  "val_mae": [
    0.0701678991317749,
    0.06434179842472076,
    0.06058314070105553,
    0.05892283096909523,
    0.05751192569732666,
    0.056879978626966476,
    0.05467977374792099,
    0.056331608444452286,
    0.05401863902807236,
    0.05345189571380615,
    0.056304682046175,
    0.054710377007722855,
    0.052971262484788895,
    0.05288846790790558,
    0.05434403568506241,
    0.05229552462697029,
    0.05300397053360939,
    0.05161437392234802,
    0.04917794093489647,
    0.04842875152826309,
    0.047680020332336426,
    0.04755224287509918,
    0.049493275582790375,
    0.045958004891872406,
    0.047035183757543564,
    0.047230299562215805,
    0.04553983360528946,
    0.04550560191273689,
    0.04567887634038925,
    0.044465530663728714,
    0.044663842767477036,
    0.04447721689939499,
    0.04428139701485634,
    0.044082820415496826,
    0.044826582074165344,
    0.04372311756014824,
    0.04406196251511574,
    0.04340800642967224,
    0.04376637935638428,
    0.04365233704447746,
    0.0449870303273201,
    0.043500158935785294,
    0.04403240233659744,
    0.04354822263121605,
    0.043196555227041245,
    0.043438058346509933,
    0.04356415569782257,
    0.04368443414568901,
    0.0434340201318264,
    0.04326154291629791
  ],
  "val_mse": [
    0.008228353224694729,
    0.007297900505363941,
    0.006813600659370422,
    0.0067331320606172085,
    0.006510618142783642,
    0.006401524879038334,
    0.006262022070586681,
    0.006195145193487406,
    0.006322179455310106,
    0.005962023511528969,
    0.006308459676802158,
    0.006057392340153456,
    0.005912457592785358,
    0.005749445874243975,
    0.0063787843100726604,
    0.005598541349172592,
    0.0058236150071024895,
    0.005473219323903322,
    0.005262212827801704,
    0.00514198187738657,
    0.005031655076891184,
    0.005064952187240124,
    0.005086585879325867,
    0.004868013318628073,
    0.004924111999571323,
    0.005072919651865959,
    0.004780020099133253,
    0.004858114290982485,
    0.0048400964587926865,
    0.004758248571306467,
    0.004793671891093254,
    0.004736616741865873,
    0.004704014398157597,
    0.004713528789579868,
    0.00475690420717001,
    0.004684802144765854,
    0.004695175681263208,
    0.004646988119930029,
    0.004651180934160948,
    0.004656792152673006,
    0.004680432844907045,
    0.004647864494472742,
    0.0046773673966526985,
    0.004620139952749014,
    0.004607741255313158,
    0.00462679285556078,
    0.0046173520386219025,
    0.004637829028069973,
    0.004614727571606636,
    0.004607193171977997
  ],