{
  "rl_results": {
    "num_episodes": 50,
    "mean_reward": -593.9805551650174,
    "std_reward": 131.44792981656084,
    "mean_power_consumption": 1438539.1547784435,
    "mean_power_dbm": 45.73792740531435,
    "mean_rsrp_dbm": -85.46009231471585,
    "min_rsrp_dbm": -99.08960671076316,
    "max_rsrp_dbm": -79.66452930329896,
    "rsrp_violation_rate": 0.138921383211642,
    "all_episode_rewards": [
      -753.4567038809439,
      -461.4689419804597,
      -513.9184259330401,
      -598.659681346631,
      -659.4908039326854,
      -676.6590722081373,
      -850.2548098949728,
      -379.93289873461504,
      -609.4284581500273,
      -577.2238716342205,
      -572.8703211188696,
      -744.1472772834396,
      -374.3778722331871,
      -470.57769281124285,
      -571.6388411573985,
      -597.3807870967385,
      -696.9750498799285,
      -962.9312388109352,
      -563.904242840886,
      -469.49082497189704,
      -603.0440088980836,
      -513.8299116167907,
      -705.9488913240037,
      -586.0615321883954,
      -600.2548794377896,
      -707.0613934147002,
      -599.3014073758732,
      -370.94067537483744,
      -477.9045827921857,
      -669.9389491164616,
      -593.2276019059344,
      -950.506287121264,
      -617.3511511206406,
      -803.105594733865,
      -741.3026560066536,
      -370.6729947492786,
      -527.5209431943279,
      -570.4908272273859,
      -600.0902425851584,
      -603.2585694555544,
      -613.1313381867096,
      -559.2237577160173,
      -478.99779639917244,
      -619.2365936818667,
      -355.1498982959391,
      -557.456163041361,
      -504.9364993428046,
      -597.4183398761855,
      -604.8710637517433,
      -492.0053924196319
    ],
    "all_power_consumptions": [
      1520662.3588320678,
      1218760.4852923122,
      1495595.811986791,
      1469992.4659510443,
      1564886.6270667026,
      1486283.3577166924,
      1345266.2340955078,
      1585504.8119106197,
      1310476.4301250814,
      1503742.1954738838,
      1569205.3388275348,
      1487022.988354162,
      1514071.318253586,
      1551845.882832914,
      1125446.4361254894,
      1577391.495961224,
      1138241.7111713109,
      1678619.0459599283,
      1420933.90210348,
      1445334.308798647,
      1693515.609485265,
      1556093.2435478652,
      1398872.0488511687,
      1357971.7824617967,
      1509374.6506247134,
      1500365.2173511721,
      1006919.269421695,
      1523463.9559046838,
      1439595.0904955042,
      1454542.1353230118,
      1479615.2738158035,
      1502279.6976056893,
      1558251.3172485044,
      1491072.203787791,
      1307806.6192461986,
      1388351.3448634006,
      1549848.2149068739,
      1069431.493604659,
      1193825.0628734548,
      1695980.2977475377,
      1536313.8134352108,
      1416061.9727576715,
      1432357.2977133552,
      1690877.0930603242,
      1399581.1635006277,
      1162302.599260148,
      1460729.7793461971,
      1433927.5656680057,
      1271757.6506555052,
      1436591.0675193565
    ]
  },
  "baseline_results": {
    "num_episodes": 50,
    "mean_reward": -241.26629237550713,
    "std_reward": 45.00184725550634,
    "mean_power_consumption": 4068611.5552223753,
    "mean_power_dbm": 38.41506666666667,
    "mean_rsrp_dbm": -85.02328967414893,
    "rsrp_violation_rate": 0.0007333333333333333,
    "all_episode_rewards": [
      -325.80124743009424,
      -229.391304347826,
      -308.2722150188608,
      -219.08695652173876,
      -211.78260869565182,
      -221.13043478260846,
      -269.4347826086952,
      -228.65217391304307,
      -215.6521739130431,
      -225.9130434782603,
      -203.4782608695649,
      -205.9565217391301,
      -217.9130434782605,
      -246.82608695652158,
      -315.19000271730084,
      -357.9682209651001,
      -234.73913043478225,
      -221.91304347826033,
      -295.890883221277,
      -221.78260869565196,
      -197.43478260869537,
      -230.5217391304346,
      -208.17391304347805,
      -240.43478260869526,
      -189.39130434782595,
      -327.80946606210296,
      -226.17391304347782,
      -223.78260869565202,
      -199.5652173913041,
      -319.5149444748103,
      -243.2173913043474,
      -189.13043478260843,
      -242.99999999999972,
      -323.96898334503095,
      -322.2078884333971,
      -300.4401875666556,
      -210.34782608695605,
      -320.33753606247916,
      -210.39130434782572,
      -223.65217391304319,
      -215.56521739130386,
      -209.95652173913015,
      -196.0434782608693,
      -226.08695652173864,
      -207.73913043478228,
      -220.69565217391286,
      -238.39130434782584,
      -204.39130434782578,
      -186.1304347826086,
      -232.04347826086922
    ],
    "all_power_consumptions": [
      4187377.58801662,
      4125170.760028687,
      3935468.953471202,
      4128320.312842553,
      4141393.7692942806,
      4064495.1089045857,
      4198273.441929704,
      4157937.680622418,
      4214430.87276175,
      4114224.324568197,
      3960918.7492294554,
      3897241.165603364,
      3897096.759633715,
      4000511.109133275,
      4181855.4495680653,
      4128647.859905103,
      4225826.688154229,
      4124826.2925576037,
      3921328.7915157685,
      3958496.5393554172,
      4040768.546723594,
      4083614.351083545,
      4068722.4257792314,
      4040916.5522929872,
      4092713.944042879,
      4125610.7034510556,
      3981790.635127982,
      4073071.05418658,
      3814764.9702953887,
      4154311.9379873755,
      4241827.6319199195,
      4047093.1253502606,
      4110938.206507679,
      3917243.0657959855,
      4084660.5422423584,
      4040262.5839157593,
      3923742.9382433207,
      4367176.105210764,
      4134989.300297103,
      4047689.0280399467,
      4153735.463537305,
      4020313.0302632954,
      3971926.6634803955,
      4133948.754550338,
      3911831.7106894827,
      3957834.7046779343,
      4273481.809768533,
      4098683.5639006393,
      3873169.345811506,
      4079902.848849615
    ]
  },
  "power_savings_percent": -439.86612031450625,
  "power_savings_mw": 2630072.400443932,
  "rsrp_quality_comparison": {
    "rl_mean_rsrp": -85.46009231471585,
    "baseline_mean_rsrp": -85.02328967414893,
    "rl_violation_rate": 0.138921383211642,
    "baseline_violation_rate": 0.0007333333333333333
  },
  "statistical_test": {
    "t_statistic": -95.4234886355535,
    "p_value": 1.7520565936317755e-98,
    "significant": 1.0
  }
}